{"cameraMode":{"drawMode":0,"name":"Shaded","section":"Shading Mode"},"sceneLighting":false,"audioPlay":false,"sceneViewState":{"showFog":true,"showMaterialUpdate":false,"showSkybox":false,"showFlares":true,"showImageEffects":true,"showParticleSystems":true},"in2DMode":false,"pivot":{"x":2.9802322387695315e-8,"y":1.0583608150482178,"z":-0.014761045575141907},"rotation":{"x":-0.17307274043560029,"y":0.023928329348564149,"z":-0.004206454381346703,"w":-0.9846126437187195},"size":0.4444326162338257,"orthographic":false}