{"cameraMode":{"drawMode":0,"name":"Shaded","section":"Shading Mode"},"sceneLighting":true,"audioPlay":false,"sceneViewState":{"showFog":true,"showMaterialUpdate":false,"showSkybox":true,"showFlares":true,"showImageEffects":true,"showParticleSystems":true},"in2DMode":false,"pivot":{"x":643.9812622070313,"y":262.9156188964844,"z":15.850000381469727},"rotation":{"x":-0.035095106810331348,"y":0.020383194088935853,"z":-0.0007159249507822096,"w":-0.9991764426231384},"size":306.5197448730469,"orthographic":true}