{"cameraMode":{"drawMode":0,"name":"Shaded","section":"Shading Mode"},"sceneLighting":true,"audioPlay":false,"sceneViewState":{"showFog":true,"showMaterialUpdate":false,"showSkybox":true,"showFlares":true,"showImageEffects":true,"showParticleSystems":true},"in2DMode":false,"pivot":{"x":-28.704174041748048,"y":-370.5963439941406,"z":524.8815307617188},"rotation":{"x":0.22879044711589814,"y":-0.03649546578526497,"z":0.008583571761846543,"w":0.9727548956871033},"size":932.3058471679688,"orthographic":false}