{"cameraMode":{"drawMode":0,"name":"Shaded","section":"Shading Mode"},"sceneLighting":true,"audioPlay":false,"sceneViewState":{"showFog":true,"showMaterialUpdate":false,"showSkybox":true,"showFlares":true,"showImageEffects":true,"showParticleSystems":true},"in2DMode":false,"pivot":{"x":-0.9728274345397949,"y":23.20644760131836,"z":6.526771068572998},"rotation":{"x":0.17734146118164063,"y":-0.18334142863750459,"z":0.033646754920482638,"w":0.9663354158401489},"size":29.263870239257814,"orthographic":false}