{"cameraMode":{"drawMode":0,"name":"Shaded","section":"Shading Mode"},"sceneLighting":true,"audioPlay":false,"sceneViewState":{"showFog":true,"showMaterialUpdate":false,"showSkybox":true,"showFlares":true,"showImageEffects":true,"showParticleSystems":true},"in2DMode":false,"pivot":{"x":170.30023193359376,"y":163.56207275390626,"z":-407.46807861328127},"rotation":{"x":-0.13634048402309419,"y":-0.1944846659898758,"z":0.02730758860707283,"w":-0.9710039496421814},"size":29.596359252929689,"orthographic":false}