{"cameraMode":{"drawMode":0,"name":"Shaded","section":"Shading Mode"},"sceneLighting":true,"audioPlay":false,"sceneViewState":{"showFog":true,"showMaterialUpdate":false,"showSkybox":true,"showFlares":true,"showImageEffects":true,"showParticleSystems":true},"in2DMode":false,"pivot":{"x":295.4799499511719,"y":257.4713134765625,"z":-680.1710205078125},"rotation":{"x":0.025186555460095407,"y":-0.008999601006507874,"z":-0.00022649782476946712,"w":-0.9996437430381775},"size":37.028263092041019,"orthographic":false}