{"cameraMode":{"drawMode":0,"name":"Shaded","section":"Shading Mode"},"sceneLighting":true,"audioPlay":false,"sceneViewState":{"showFog":true,"showMaterialUpdate":false,"showSkybox":true,"showFlares":true,"showImageEffects":true,"showParticleSystems":true},"in2DMode":false,"pivot":{"x":87.643310546875,"y":89.85299682617188,"z":-323.65667724609377},"rotation":{"x":0.10577786713838577,"y":-0.4845789670944214,"z":0.05916779860854149,"w":0.8663109540939331},"size":328.9117126464844,"orthographic":false}